{"ghost": [[-106.639, 28.649500000000003, -525.2485], [-26.00825, 21.954900000000002, -573.9005], [121.70500000000001, 23.29435, -533.648], [284.9665, 20.091250000000002, -494.624], [375.626, 22.090449999999997, -487.584], [615.6655000000001, 19.4359, -387.237], [662.6355, 18.8435, -356.8645], [676.3475, 20.8016, -335.36400000000003], [665.023, 24.4506, -251.961], [667.3715, 25.60315, -157.375], [693.702, 31.157, -95.02850000000001], [697.6659999999999, 23.40155, -37.3053], [702.9195, 21.074550000000002, 92.39670000000001], [703.769, 25.404850000000003, 251.76850000000002], [693.456, 24.86385, 336.44100000000003], [615.3855, 25.4554, 365.6095], [478.022, 3.2476900000000004, 325.03999999999996], [405.04949999999997, 2.684145, 291.89750000000004], [371.712, 3.88324, 271.296], [381.85, 5.52139, 264.40250000000003], [378.36, 7.033385, 252.917], [405.543, 27.17705, 183.3345], [466.198, 33.0437, 99.22130000000001], [499.97799999999995, 27.064149999999998, 42.2625], [487.961, 25.24405, 15.066099999999999], [381.34299999999996, 22.91745, -56.991200000000006], [329.84299999999996, 32.552049999999994, -77.02905000000001], [231.91449999999998, 38.4118, -68.38305], [218.8715, 37.05865, -24.24765], [133.223, 17.71415, 2.061555], [17.9955, 17.53505, 38.8042], [-72.16980000000001, 31.672, 39.40615], [-222.19650000000001, 40.88865, 17.11175], [-407.66499999999996, 35.11855, -13.821200000000001], [-431.961, 44.19585, -42.73205], [-358.6915, 44.10575, -163.8935], [-395.142, 31.92785, -268.4], [-401.9735, 28.7556, -358.8315], [-343.37350000000004, 34.2031, -440.3845], [-278.994, 46.05185, -481.945], [-160.2515, 31.087200000000003, -508.2655]], "timetrial": [[313.7275, 42.051050000000004, -486.889], [332.93600000000004, 40.687, -463.5285], [365.152, 47.5762, -432.5605], [399.12199999999996, 56.08215, -365.5485], [402.17150000000004, 55.56245, -366.9215], [405.4855, 56.5323, -363.255], [413.49800000000005, 58.04365, -360.17949999999996], [442.35400000000004, 54.21405, -392.683], [468.907, 69.86125, -456.92499999999995], [511.4655, 66.15495, -512.4865]], "infernal": [[171.08499999999998, 5.17635, -548.0844999999999], [26.0949, 57.96355, -581.264], [-29.5589, 85.37735, -523.5225], [-50.80875, 80.05545000000001, -377.03499999999997], [-8.339638, 79.2774, -309.6335], [-39.24885, 73.61235, -198.5775], [-47.17995, 64.0375, -111.301], [-59.06585, 76.16135, -9.139005000000001], [-101.04425, 72.1813, 55.85755], [-92.1444, 62.421549999999996, 111.439], [-120.246, 68.77154999999999, 166.8285], [-149.4005, 71.5831, 200.9345], [-296.879, 73.00995, 196.995], [-406.45799999999997, 75.98145, 164.4445], [-460.081, 67.50944999999999, 131.968], [-480.9445, 71.18175, 68.42435], [-487.224, 73.4071, 26.8335], [-418.89750000000004, 73.91375, 1.6269805000000002], [-428.305, 54.929050000000004, -107.77799999999999], [-364.4445, 16.90905, -192.473], [-325.18899999999996, 9.5957, -269.34950000000003], [-247.382, 9.674135, -293.418], [-204.923, 14.0901, -372.19050000000004], [-158.08350000000002, 15.559550000000002, -448.0155], [-101.4474, 32.4648, -400.0155], [-85.7589, 36.37515, -281.2985], [-67.80705, 45.3617, -194.189], [-46.73475, 52.16485, -164.192], [4.0534805, 62.1537, -208.882], [49.41905, 44.8196, -338.548], [168.06349999999998, 1.6813665000000002, -492.996]], "jormags": [[253.493, 26.28665, -99.42349999999999], [242.3435, 21.90725, -123.943], [220.2015, 21.926000000000002, -159.4205], [188.24450000000002, 22.08535, -191.3645], [147.6335, 35.49455, -233.3795], [90.00059999999999, 52.44499999999999, -249.721], [50.0058, 65.87375, -248.583], [-2.9942785, 81.57079999999999, -243.5515], [-45.771649999999994, 68.04765, -203.387], [-58.67115, 56.4617, -161.072], [-77.0568, 48.67585, -85.86945], [-59.4347, 55.63905, -45.787949999999995], [-29.1425, 59.425, -13.09712], [25.942500000000003, 59.26565, -31.31825], [73.1448, 53.8275, -35.15425], [132.7145, 44.333349999999996, 15.790444999999998], [200.37900000000002, 28.90835, 29.524949999999997], [260.79499999999996, 40.2727, 46.3394], [289.169, 40.875, 65.2772], [314.02049999999997, 35.72655, 94.5749], [351.12, 28.8485, 86.57585], [358.7975, 24.94915, 49.44], [338.28049999999996, 33.98955, -1.824245], [306.49649999999997, 34.7658, -33.9775]], "lakeside": [[233.147, 8.562795, 478.0765], [71.9782, 4.693555, 470.903], [-36.22005, 3.7873150000000004, 398.9975], [-113.8, 13.4296, 339.68600000000004], [-159.159, 1.7013275, 276.1015], [-164.277, 0.9892799999999999, 125.19], [-178.702, 13.2574, 32.7154], [-222.63299999999998, 29.21105, -28.499900000000004], [-274.85400000000004, 18.20655, -110.964], [-307.712, 7.794275, -236.3895], [-271.98900000000003, 8.73531, -354.179], [-169.0765, 5.77258, -438.774], [-55.29105, 13.690850000000001, -419.86], [46.439099999999996, 11.71435, -463.79100000000005], [172.43599999999998, 4.555865000000001, -462.4065], [307.00350000000003, 4.191255, -465.21000000000004], [379.501, 12.587499999999999, -455.699], [446.4405, 9.20025, -437.978], [462.595, 6.14825, -328.946], [492.49800000000005, 1.958386, -227.212], [495.09450000000004, 1.2369358, -160.50349999999997], [491.4385, 9.19114, -87.526], [601.5905, 8.56049, -24.69385], [622.97, 11.06325, 49.98755], [598.8615, 7.4487000000000005, 161.275], [565.163, 19.734499999999997, 215.49200000000002], [581.0965, 24.96705, 276.477], [544.462, 28.248199999999997, 319.58050000000003], [460.7905, 49.6737, 373.87699999999995], [358.43449999999996, 2.909915, 456.60299999999995], [289.597, 12.90295, 464.37850000000003]], "valley": [[-801.016, 65.29005000000001, 356.04499999999996], [-765.0944999999999, 66.0026, 298.1435], [-779.9435000000001, 58.5978, 240.745], [-753.6725, 36.2654, 162.8755], [-749.692, 24.787, 69.4607], [-698.685, 24.78235, -45.67585], [-616.806, 39.70075, -108.87950000000001], [-636.241, 31.442500000000003, -218.6905], [-634.311, 27.46845, -298.94500000000005], [-592.4335000000001, 27.4376, -309.26250000000005], [-546.2925, 27.9927, -364.611], [-499.33000000000004, 0.4189735, -439.0505], [-436.336, -0.1139217, -511.9355], [-376.9465, 3.6104700000000003, -575.44], [-316.314, 30.3125, -496.8825], [-299.621, 27.6646, -436.84000000000003], [-336.975, 12.931899999999999, -343.3265], [-375.991, 19.967950000000002, -269.4935], [-307.8435, 18.023000000000003, -171.43200000000002], [-250.122, 10.738455, -182.0375], [-164.34, 14.16625, -191.6225], [-52.8344, 34.1939, -205.0755], [33.243849999999995, 43.407399999999996, -234.327], [148.4435, 45.383250000000004, -186.34300000000002], [255.0695, 46.379149999999996, -217.375], [330.6675, 38.7147, -312.624], [325.44550000000004, 38.882099999999994, -390.5245], [302.2825, 28.74015, -543.0875], [352.0695, 34.9419, -628.039], [448.2135, 13.891200000000001, -581.713], [565.925, 30.17615, -576.3115], [667.3025, 53.00035, -568.8195000000001], [771.8889999999999, 31.12945, -436.03499999999997], [847.1915, 25.156100000000002, -307.7245], [873.655, 27.39235, -199.168], [850.6675, 45.67115, -61.8768], [823.211, 66.75635, 66.00025], [853.405, 64.15795, 166.232], [858.5165, 76.23145, 247.13400000000001], [827.2764999999999, 75.44175000000001, 332.1105], [878.196, 46.7682, 448.4185], [870.122, 40.94715, 526.902], [711.6205, 70.9923, 552.9839999999999], [605.7335, 78.8005, 567.5995], [499.17999999999995, 92.5073, 554.2445], [393.856, 84.00055, 606.843], [207.615, 59.7227, 606.5445], [101.4015, 65.65475, 604.8015], [-43.456450000000004, -0.205487, 605.5409999999999], [-127.1265, -0.10378514999999999, 683.2665], [-194.0915, 0.25891225, 701.038], [-281.3365, 9.326735, 706.2345], [-344.28999999999996, 26.241500000000002, 712.3315], [-374.925, 25.33465, 700.02], [-467.6565, 14.8851, 690.887], [-496.70799999999997, 23.07475, 646.242], [-552.9835, 41.8493, 624.588], [-618.4765, 71.1148, 587.76], [-700.3715, 63.1783, 536.6279999999999], [-773.5775, 68.92075, 528.1345], [-826.947, 66.28864999999999, 444.884]]}